type,keyword,differential_score
controversial,amendment,12.273734708563206
controversial,bernie,6.753801109473932
controversial,maduro,5.802129134957152
controversial,victim,5.2143317389320805
controversial,coup,3.799013124079087
controversial,store,3.5936610633180552
controversial,violence,3.506781345303773
controversial,religion,3.499091035336001
controversial,venezuela,3.4876186057119485
controversial,letter,3.376900554736966
controversial,liverpool,3.3564096533125913
controversial,animals,3.324136483569201
controversial,americans,3.2898670352849826
controversial,tax,3.15957527151132
controversial,statement,3.1119575590860604
controversial,population,2.9547879853948458
controversial,date,2.9547879853948453
controversial,majority,2.9344101372197082
controversial,sexual,2.9051276831193014
controversial,congress,2.812730870712401
controversial,winning,2.785942957657997
controversial,president,2.7629186356938815
controversial,son,2.675044744174032
controversial,government,2.620487154930465
controversial,fans,2.608815974446715
controversial,beyond,2.543687048296432
controversial,choice,2.524660620432305
controversial,public,2.4175538062321467
controversial,yta,2.417553806232146
controversial,crime,2.378243988244632
non_controversial,performed,18.12591010441396
non_controversial,submissions,15.192671539799255
non_controversial,showerthoughts,15.042249049306191
non_controversial,compose,13.989291615854759
non_controversial,spoiler,13.688446634868635
non_controversial,gameofthrones,11.018447428616787
non_controversial,hello,10.266334976151475
non_controversial,memes,9.088025467289158
non_controversial,unfortunately,8.762110071220857
non_controversial,spam,6.3177446007086004
non_controversial,spoilers,6.3177446007086004
non_controversial,filter,5.170773110699003
non_controversial,dankmemes,5.167012548436677
non_controversial,thank,4.920964331844455
non_controversial,action,4.917979758620385
non_controversial,wiki,4.681900016596552
non_controversial,index,4.287040979052265
non_controversial,sidebar,4.224364941346822
non_controversial,content,4.052005837656855
non_controversial,welcome,4.004998809377774
non_controversial,bran,3.8357735075730788
non_controversial,wish,3.798167884949814
non_controversial,dank,3.7699636679823643
non_controversial,meme,3.6477453944567513
non_controversial,users,3.559998941669132
non_controversial,break,3.5098581115047787
non_controversial,following,3.4095764511760707
non_controversial,faq,3.321829998388451
non_controversial,cersei,3.1839427154364777
non_controversial,posted,3.1306680833868517
