type,keyword,score
controversial,venezuela,4.516754379516982
controversial,liverpool,4.099628741856365
controversial,maduro,3.8209790056172293
controversial,guns,3.5933436552589777
controversial,fans,2.826860770532945
controversial,gun,2.7190710758401395
controversial,racist,2.3025930030434902
controversial,trump,2.24556386589511
controversial,sex,2.1302313764678016
controversial,epic,2.0701663805356922
controversial,bullshit,2.066595287385794
controversial,police,2.05304575590342
controversial,women,2.051411165333433
controversial,president,2.0061124712950433
controversial,act,2.003237635809863
controversial,government,1.9920225988526263
controversial,america,1.9673225165330324
controversial,joke,1.8196132935443445
controversial,shouldn,1.7952706407878987
controversial,opinion,1.781359643152474
controversial,support,1.752257049800493
controversial,country,1.7231326587753732
controversial,american,1.7219319252493288
controversial,hate,1.7105127899901134
controversial,dumb,1.6994239602962469
controversial,argument,1.6975281281227794
controversial,child,1.696530755544564
controversial,white,1.6963592328718773
controversial,nobody,1.644934969242245
controversial,men,1.6278842558626383
non_controversial,showerthoughts,170.43639382157625
non_controversial,moderators,46.77958794616695
non_controversial,submissions,42.122569800105374
non_controversial,performed,30.603143860744837
non_controversial,compose,22.762639951832906
non_controversial,automatically,22.306343026101406
non_controversial,submission,21.928105035658817
non_controversial,concerns,19.78982334756491
non_controversial,spam,17.64477256513654
non_controversial,contact,13.412431389035746
non_controversial,bot,12.109157642740763
non_controversial,message,11.847093783308313
non_controversial,subreddit,9.558005013153632
non_controversial,questions,8.708063800475314
non_controversial,karma,8.680956931721587
non_controversial,memes,8.13331755004088
non_controversial,dankmemes,7.870952467781497
non_controversial,wiki,7.447782980266362
non_controversial,dank,6.981002327772838
non_controversial,spoilers,6.794582899537874
non_controversial,rules,6.49909220319251
non_controversial,please,5.465435672584342
non_controversial,action,4.854539545996971
non_controversial,spoiler,4.663087899265961
non_controversial,link,4.314845413204462
non_controversial,upvote,4.126428335180122
non_controversial,account,4.114361517249418
non_controversial,unfortunately,3.860684377862055
non_controversial,meme,3.8418262737040845
non_controversial,build,3.2956882656531565
